feature_1,feature_2,feature_3,feature_4,target
-1.39830539918138,-1.029688609803278,0.06994134385391537,-0.26613475682412213,0
-0.1019227613315764,-1.048378480978551,0.3867908644951582,-1.0564255900603294,1
-2.2872747243874727,-3.1009968748292978,-0.9054879831719087,0.14050325356527749,2
-1.0001634598542568,-1.6951987306146186,1.0113521073655847,-1.8580913752549677,1
-0.5234779813003527,-1.637074583787253,1.4148707623457153,-0.4624630771124185,1
-2.4794242501953443,-1.5737440994850058,-0.07243405872168229,0.35571290165007274,2
-1.187620386446064,-1.0465416167315809,-0.23662902880415826,-0.9136512848084752,0
-2.657323088040469,-2.753939698104336,1.8079260297365223,-0.011441269047742453,0
0.14932810911191052,-0.6414876901134776,1.6817705076192837,1.1088852351141179,2
-0.9637944754923952,-1.1246422224908474,-1.406486992708842,-0.4186203820069688,0
-1.2262601672986853,-1.74554621812855,1.1844816175483857,-0.4467356454357999,1
-2.7310637990954323,-2.904469911493633,1.3763461426661818,1.392007691102891,0
-3.53945185104822,-1.533185757673555,2.0984713609915966,-2.0369264611968463,1
1.3428233782334895,-0.7793975671455751,1.171414928362154,0.1798822524885022,1
-1.548029864243409,-2.5778994734571454,0.06843192963852285,0.21555561677288948,2
1.0163895162175454,-0.6511589148618246,0.6529271286507559,-0.3908194318028867,1
-0.5195916625406376,-0.8391593551589751,-1.9425738346632948,-2.1348581148713954,0
0.1200475627829356,0.6149814380897307,1.903849753388983,1.145952847015462,2
-1.8661637722884825,-1.4465880703090082,0.9421048001518385,-1.5361400334678104,1
-3.3126975667792817,-2.2571518292259807,0.8493652954510902,-1.4287238473002946,1
-0.38173247295198565,-0.6986615923807385,-2.341041674348079,-1.788238871843689,0
-2.504002495095315,-0.7805572341672695,0.21258054742091448,0.2050336647269364,2
0.00035882151950361596,-1.1698874169376605,0.8202306791482605,0.5081898342893361,1
-0.7902261706522129,-2.0290205972930897,0.6207705405037118,1.1981728942892875,2
-1.5912885537718167,-1.213092934979507,0.30141178299212545,-0.10043738068302555,0
-3.0688621828607423,-1.7075552192823777,0.18589308305573937,-0.344846998886015,2
-0.0283950297785569,-0.08435089548646779,-2.6915761028243983,-1.6719902226552474,0
-1.2334556270877846,-0.607088663890416,1.342843497411496,-1.8028791274599176,1
0.643546758999785,1.187927619540302,2.960178291927371,2.9465905245049484,2
0.7638638502751638,-0.40866843052717194,0.6172303936454442,-0.7284799622285935,1
-1.9777232144952777,-1.9021835375471678,0.16297174715390428,0.6791427667383895,2
-0.9285049299995523,-0.9983611143654114,1.3948912780400895,-1.846791057671763,1
-0.5864283036062063,-3.1831545639712897,-0.0365563593213758,0.7518527310118437,2
-0.793989615229838,-1.163673193363318,0.40476969335411117,0.9105699454074847,2
-2.061314947140851,-2.0363978852747104,-0.1889218411071223,0.009653110528021647,2
-2.3983340003069182,-1.5950985847241048,2.5665153503265454,0.5813409326849048,0
-0.22578152959106046,1.6324531968138625,3.092233810161768,2.2716706550714116,2
-1.9914626822411035,-0.9331838343335034,1.6192715319130069,-2.376739611915557,1
1.1778714761038116,-0.586708762714208,0.6424420827087673,-0.10690440731012374,1
-0.4248596241527659,0.11797788493991823,-1.3373946705794215,-1.4148484475775938,0
-2.22286899799702,-1.1848861945286167,1.2395065963670608,-0.6668176841994482,1
-1.8873499435688603,-1.685124046491255,0.8628643680570895,-0.6181035247532161,0
0.591502499131364,0.509151741078294,2.724978890630564,1.7709654105070705,2
-0.7308615422314295,-2.048466903705819,0.7747474167527979,1.3135159390825495,2
-0.20186463070749106,-0.32742585479801845,1.0737758875530639,-0.28283357221967287,1
-0.24891425747299134,-2.2732781006424547,0.8958291388520621,0.5159246117136689,2
0.5450024948996448,-0.9831113618705548,1.590205063217021,0.6769016324882482,2
-0.9077001169019487,-0.7327520931708165,1.3654792166546077,-1.7715574930699116,1
-0.23508514923192048,-0.37800714420803894,-2.4992983127555854,-0.9661725341694392,0
0.18587587680317563,-1.1316786593647912,1.2161046837829272,1.2742012727367202,2
-0.9538532542154985,-0.6420050281680488,-1.0164608203869534,-0.15192269474863185,0
-1.0751058175723947,-2.1537888502079783,0.9279693401166378,0.47757568937057937,1
-1.0091440156463143,0.10110159242614314,0.6909145828954539,1.3092114533437822,2
-0.522398526774468,1.3935438419388007,2.0212458438889884,2.7170774470895642,2
-1.4203500044565853,-0.8215299700238887,0.7006757960143721,-1.8075645625025651,1
-0.7762574476229582,-0.7118028267274414,-1.4586883708137224,-1.3659406468881268,0
1.491951968681751,0.25272204007187216,0.5620466143165451,-1.4064056647544239,1
-0.4348057196282785,-1.1937557381367714,1.0083749232613373,1.4244098909827125,2
-0.2906251977470208,0.3701764246044623,1.836088843811631,1.1678755838544543,2
-2.7810600579839924,-1.8945439047890646,1.3463572244485222,-2.201930681879109,1
-0.31088131730797,-0.2163288972655708,-2.1777004296686355,-1.3153271833765534,0
-1.350311104313365,-1.2876749263820975,1.3120141077233125,-0.4885197977394341,1
-0.2766965757779486,-4.461882016355514,-0.5191235357668904,-0.45945953745259005,2
-2.702321415737186,-2.32157648303307,2.362015588582019,1.3559469335810626,0
-1.1597234746697889,-0.8103256477936841,-0.32701533274153327,0.009266166024752387,0
-1.330420970695568,-0.8909623734792342,1.1930890568225345,-0.2634757942234758,1
-2.324044988645456,-1.3273968896289676,2.5436740535588345,-0.3928266332300957,0
-2.709196956226696,-0.5314557918874434,0.40818716676339784,0.844994308525501,1
-1.625301085927588,-1.0772481481071876,0.9777926257914473,-0.5304363965531855,1
-0.9654562007450751,-2.0072056753777074,0.5244636489220895,0.6500169173574906,2
-0.44379740705144655,-1.375585754741854,-2.7496655315993337,-3.274812460117907,0
0.3489407740922503,0.5516408372973942,2.346665649615976,1.284537007803721,2
1.013862475956858,-1.0150588442682107,1.0400759862933626,1.6681603699488656,2
-1.8646687807462832,-3.3322366225074784,-0.8448223440135125,-0.6508212184130697,2
-1.9861642359144276,-2.1981023227228063,0.04298280158033008,1.1926640015442547,2
-0.7229369912098144,-1.1526602574351419,0.8154405666844471,0.2190099103253933,2
-0.11649524685897672,-1.2978984647287497,-3.9322357317446954,-1.7062339666604536,0
-0.938289790014501,0.037782551402889775,-0.3864947900806973,-0.24577823650859565,0
-1.5729541742172723,-0.8757244346469886,0.924365440248481,0.4650775891721476,2
1.0533123352029095,0.6051325832293133,-4.947865023348086,-2.580594233603771,0
-0.7739837871278163,-1.3579797006842265,0.5946350063907453,-1.970431198669584,1
-2.200133881712146,-2.303456444467031,1.6985046173648897,-1.5132768646921315,1
-1.8142874628038062,-0.9410383540978001,1.3882833132739063,-2.288399874883748,1
-0.9462069796184961,-0.2686199949952397,1.246756707742356,0.8656857745605899,2
-1.6229669788483676,-1.2791924233510166,1.1172025630931954,-0.8632904358262766,1
-0.828225678834823,-2.003977960501561,0.6966724393061725,1.004180480389807,2
-2.349746657874739,-1.3296535479342335,2.481961175329046,-0.0024374912971455442,0
-1.9127189089305388,-1.3208596018095433,0.8058485535341415,-1.8792343342290838,1
-0.6400796856013269,-2.0253081054966144,1.2781950862356626,0.1955365091907657,2
-1.2302189587628543,0.9171729030640194,2.2966640437571506,1.6909501201905925,2
-0.5227237832402154,-1.269964091605087,1.2448103283225542,0.1596292159961228,1
-4.02948189670572,-1.5056630621247518,1.2247472310642618,-3.388845049173411,1
-0.050589026711759466,-0.8987082032165434,1.6301410022971017,2.1743703877187412,1
-0.1066367209025838,-0.6786193882388781,0.6877436928267927,-0.3097483131601304,1
-1.1691895554478324,-0.9609716487788162,-0.6958114421112784,0.12448469192179923,0
-2.5251222599986693,-2.6440068332313427,0.8014723479653373,0.5275238898851238,1
-1.904997115089226,-2.428574722563508,0.1269957612391479,-0.5458450221131319,2
-1.9679033961183507,-1.9299727038634706,0.6589751631294724,-1.2570039110551057,1
1.290729728801447,-0.8797698567838235,0.8307134956718965,1.4811501550628372,1
-0.35422270272328216,-0.1507809697324325,-2.0875307402334116,-1.016756039196756,0
-1.3134988476366316,0.3601414649798067,1.849216045718772,1.8637359667812459,2
-2.1395830605936634,-1.0856399606407938,0.47913900375506124,0.8937332510093148,2
-0.02980014576677048,-1.348891438138646,1.640691964775236,1.6397381005255887,2
-0.06989673992011158,-0.5462729581298051,1.3802907695602067,1.2736427870959426,2
-0.2967477230001331,-2.259026913907421,0.7907228082576857,-0.836002331196153,1
-0.9515151882243988,-0.7140969711756432,1.551305200659939,-1.2153810142060302,1
-0.20373328424492765,-0.14233037033688367,-2.793881908221518,-1.3926890447299702,0
-1.6945674832497912,0.9845177553500748,1.9967173994536285,1.4372312868688315,2
0.337930013914604,0.9293992193768641,-2.2709770390033173,-2.3297233144898253,0
0.15996573685199822,0.15582458333259774,2.743105066551803,1.6926860773375836,2
-3.0914918801990074,-0.9006744794805509,0.011540867721848369,0.35369866798232374,2
0.18777494574705034,0.1841785785293344,-3.2619432575515623,-1.6558592355290866,0
-2.427923756443456,-0.9579626652700142,0.47108541177925956,0.8035272263175727,2
-2.3419106132647167,-1.9565265023347622,0.25994311854927155,0.018227159914491642,2
-0.1429395213087722,0.5546811201457389,2.1461438043751633,0.7573332122945488,2
-1.160860309742076,-0.8973789479104385,-0.8378736018222048,0.37666068598980673,0
-1.2950908731066328,-1.5486379819486125,0.9647464163115806,0.27190063926637387,1
-0.8098271761489276,-1.1851464438211308,0.5324008787775951,-0.40851471497531544,1
-1.694897342341425,-1.3494228256750533,0.15411630081101602,0.5565061877972388,0
-0.6028454217158927,-0.754142960255287,-1.4639409723598034,-2.076553270891388,0
-1.2344820737110318,-2.051526995739128,-0.0329862669194223,0.5052053583579919,2
-1.5343552275667123,-0.8631974310677417,0.7182549983198756,0.9182165776154032,2
-0.36745162857479075,-1.5577791132275465,0.7999818514496506,-0.4442850995101997,1
0.6497228625773261,-0.2771802792113158,0.0862573712657081,-1.438782392014445,1
-2.7720568658135174,-1.0324524500305272,0.424565845002159,0.8139818987763048,2
-0.32243258223814864,-1.2511498191683437,1.3037378912572584,1.2104742016629448,2
-0.7941708943636565,-1.1537418729318187,0.9267249277973056,0.30205935165257203,1
-0.4980574925884813,1.5995819968182508,2.680292162438045,2.090017458408294,2
-0.7913941129877157,-0.7152735628266591,0.8963319791657649,-1.0494727170139593,1
-0.13076175735771456,0.01439768959787191,-2.12612122875728,-2.004754202813212,0
-1.5077844577540676,-0.9270159108426801,1.5172173371401372,1.7897444184488855,2
-0.2587494663437694,0.05957533228422407,-1.9123983818661086,-1.45348141129821,0
-2.558151133059614,-2.19505519866701,1.1434541675182763,-0.7386042057701012,1
-1.073341411381531,-1.635781597934334,1.3205307219501243,0.23236224703424746,1
-0.03546651935163703,-0.7897152163487748,1.0698472483912884,1.5384941686790683,2
-1.0273481880649387,-4.5952183728418365,-1.570938112851095,-1.9834620603281938,2
-2.2326474292794627,-1.5955011074257017,-0.10707098534867066,1.030374310739121,2
-0.7633517799436651,-1.3556442978992198,-1.9504562472936413,-1.0964390991839572,0
-0.24696571461939987,-0.33308190943761173,-2.7181294444375723,-0.8725388827523011,0
-1.7197367530464187,-2.113592019780093,0.9249732221563552,0.3822320701418429,1
-1.9441154211624438,-0.7172376158792195,0.8722111458511803,-1.966063742809667,1
-1.518816547196288,-0.8364472268518336,1.5712309382194434,-1.9562672869122877,1
-2.2548930046196265,-1.6925069009419933,1.3475110759285593,0.5155333239434796,1
-0.67814994559374,-0.23349413178761602,-0.9059541900317153,-1.2949655661410384,0
-1.312288991481335,-0.8543751714186711,0.43867308688919593,-1.4489098353415277,0
1.3180309020318686,-0.14023645258978457,0.6647595605899952,-0.17314505792063783,1
0.3310958964347561,-1.221593389244352,0.6683732861674974,0.9901672689399976,1
-0.7590709639573604,-0.8199053604963444,-1.7612427396491603,-1.2409093175410641,0
-1.9696033735576102,-2.072445638849108,0.3686967170995683,0.7834044181156044,0
-1.0317290260954677,-1.1180058267304251,-0.9648479951279645,-0.8442649133549782,0
-1.854057978641313,-2.162958195478562,-0.3237895825886973,0.8556596613416825,0
-0.33336642013514295,0.21532759243360555,1.0782042149989817,-0.6627420200535521,1
-4.073397414381495,-2.20199934140983,1.731651619909282,-2.158178582796819,1
0.51534490648383,-0.9025777858781411,1.3426471487697995,0.7055966418106729,2
-0.6248444810616015,-1.2829016379261908,1.3674609403786395,-0.23771119702690335,1
0.07002345956735878,-0.48716433890983646,1.6273414203855103,1.6442665600962316,2
-2.397727052307009,-3.396588592346393,0.5882042161529819,1.505115449362111,1
-0.7575938195604376,-1.3378742343635506,1.3541118643016439,0.11729337209315882,1
-1.4632204975952334,-0.3324205619564955,1.4761716282482822,-2.951999520136436,1
-2.763971975219996,-0.6407919997833482,1.9160123195847483,-2.5945744223808136,1
-0.8055806687153506,-0.7595861247588827,-1.5547924315872659,-1.7325787488187485,0
-0.5758576888651905,0.09522306676173731,-1.0236828385413752,-0.741333808292401,0
-1.5499051572005542,-1.023266159467443,1.0386076055048883,-2.050064534765892,1
-1.5491651583443278,-1.416056122408275,0.7187600872661146,-0.05864551708153587,2
-1.0397244562593817,-0.9530443817253981,0.5132659379780381,1.2553581849200195,2
-0.3137111777403233,2.5529559162317113,2.816980985120388,1.5633856896082121,2
-0.689212353975772,-1.0848368341227035,0.7289272271164925,-0.18319516133287583,1
-2.570698781606886,-1.8403459396207542,2.7091505498402575,0.034562118731976454,0
-1.1509301574484734,-1.1945390233287778,-0.7427494559580103,-1.3318605591331827,0
-0.776333620021609,-2.8868120292168102,1.076864740106203,2.4216434909511237,1
-0.7862174170473528,-0.016648915632071604,-0.7828691364752296,-0.7595513367777821,0
-2.855605474106259,-1.7602127392804883,3.2378626100194685,1.8584049430542615,0
-1.7426142320630293,-0.09265366756247329,1.3794551155134303,1.0640347761757827,2
-0.012226413074465814,-0.6835019187993012,1.4641078121848334,1.0851718491464863,2
-0.19925926100065028,-1.3032989672724264,1.2305873879457172,0.8137128820614108,1
1.2019968436998494,0.35831270161158923,0.7899487965562687,-1.0505467146128935,1
-2.405101683269746,-2.4645017240688385,1.31860964596271,0.6811167165795258,0
-3.345064208183249,-0.8577793400673493,1.513352988597808,-2.2674714962663916,1
-0.3574152859964925,-1.28391174821786,1.0536294631551424,-0.1900453104150691,1
-0.5653693161603062,-1.2279930206837009,-2.335195114873353,-2.0048776544577054,0
0.9034837809270022,0.18342537855104624,2.00899025477171,1.6456963102866609,2
-0.6054108180688,-0.6599961254589015,-1.60951204297635,-1.3720272014473194,0
-2.0592637647647742,-0.7182486987422951,0.6693939840342364,1.867761943272656,1
-1.334130162087153,-1.895892591556037,0.6240716701835098,0.5404254367645246,2
0.6996590022868141,-1.3149504788478916,0.859321728739185,1.630070802058186,1
-1.5249973175770024,-1.759235602632606,0.6408515631561169,0.5678095083958972,2
-2.7828191477993625,-1.0402590333186503,0.9827166044663928,-2.8878798299173765,1
-2.2106952578384123,-0.2710684078500213,1.594044452706182,1.2156460148962878,2
-0.3518671148149072,-0.41743148958846754,-2.230189079153714,-1.2705748708438795,0
-1.1823844494507645,-0.9905498739780928,-0.1865775993608343,-1.1060881206630442,0
-0.8058601679995566,-3.53736531563831,0.25329168567143545,0.7804014153849979,2
-1.3477021888837841,-1.4803968203529112,0.30455641379950393,0.7036880053730036,2
-1.6498595176713544,-2.343989650553752,-0.6760739148990462,-1.2394349699702965,0
-1.279995312258476,-0.997057385521995,-0.2635044268232397,-0.1685160212554988,0
-1.5000101439548745,-1.3728439806162736,-0.2661892084358629,-0.492175485246687,0
-1.8687910592525396,-2.3831635460138507,1.0999936933801047,-0.544726923321903,1
-1.8540031114759559,-1.7194721949919063,0.9578594415503052,-1.710573954178966,0
-2.2504632741202584,-0.9753437504127456,0.8259448488604013,-2.8535022802190593,1
-0.6267521342476969,0.42805298557597404,-0.6097614337670536,-0.022499425426601105,0
-1.495539438155943,-0.4391149031943504,1.6081178425701563,1.9411905500215578,2
-0.2955899919658539,0.3408186422096784,-1.5325338712140097,-0.9299384713605982,0
-0.6407890831100294,-0.27871683321414475,-0.9197523964050714,-1.0154399254626116,0
-1.5454039679048386,0.05330017755886218,1.066838776692507,-3.06407656036687,1
-3.0292411830066723,-1.617797427666419,1.6127264973255109,-3.268922651042545,1
0.7529486250504982,0.8025877352886941,0.6488432804328834,-2.0941128857034057,1
-2.6901798365993077,-0.9693029760615842,1.1291643357756984,-0.7279541932571121,1
-1.415945998936083,-1.635103280403355,0.9056144876142265,0.7458221736347529,2
-2.6359516347865197,-0.7874871973012503,1.2045178605529865,-1.961186777285075,1
-1.6525696964488716,-1.8926321012808534,1.3345907393278602,-1.205282649507451,1
-0.9208021933868057,-0.22733214768742183,-0.5881613557903167,-0.038637172745873416,0
-0.6030477346218354,-0.8362929164099812,0.5320220202001695,-1.8772240177756325,1
-0.5137080542882813,-1.6393000778082367,0.7770335645512054,0.08914325233295806,2
-0.24744830660505923,-0.8642972315802002,0.7441931583826165,0.15674868081517435,1
-1.0110943617627604,0.235210396597465,1.5947127451176728,1.4852208474338278,2
0.34617486759515126,-0.5289365110806159,1.963902491269,1.1080254011339907,2
-0.35186451408017394,-0.8883015404526591,0.6567282904958531,-0.6001965831037703,1
-0.8583468309739617,-0.5268051115889114,1.1704683409585195,1.3546142662944458,2
-0.6483901214916943,-2.2162565224340924,0.5740878675645056,0.28685403633357553,2
-1.5421929356325794,-1.2776376353768182,-0.13500647672660548,0.6122396467165983,2
-0.64910540631093,-0.08893721063816484,0.6101895325976121,-2.463112716647867,1
-2.494706180350219,-1.0307068191892406,1.086746638508841,-2.10824032003615,1
-1.7295159847651036,-3.3165854430905415,-0.21389476021086384,-0.8414653103955965,2
-1.9060606936446887,-2.1052229896677215,0.6200844646946944,-1.6670915647154543,0
-1.3012113883541137,0.23948833870159913,2.1298557234888364,2.461351198882964,2
0.1667198790572353,-0.0035385068394598873,-2.780854884495106,-2.6128494140024507,0
-2.002807541844276,-1.4065724943352493,0.6776298261220978,-0.6024016406057818,1
-1.3886180203040057,-3.4404473935782067,-0.3423160058568635,1.1529109736716499,2
-0.17431270667027554,-0.5372901535426167,1.5598241128870967,0.7743196288419082,2
-0.5986014278019718,-1.0692248391319514,1.0949070925041484,0.1463260077738997,1
-1.0481095750562106,-0.45741682983674836,-0.21987840273231363,-0.4868982971272833,0
-1.3035499992768338,-1.326717804748788,0.7178789447774028,0.11914127523166251,2
-1.0361644140949051,-1.7699139583704415,-1.5615557859801688,-2.301738868589081,0
-1.80030098127978,-1.884878473637655,0.16907512713317674,0.23696595593276015,0
-0.9823816646904551,0.3598791334115852,0.6086074703082405,-1.2350400062860778,0
-2.2592736788400343,-1.5941240466362272,1.897720115232187,-1.9811473339289454,1
-0.19696657403321605,-0.3219986125189964,-2.8327103625443053,-1.0676051049869337,0
-1.4305568587768278,-1.7471874109508838,-0.8190061983601281,-0.3525235198800142,0
-0.3732699148006112,0.26683312046927177,0.992766595661457,-3.369951548174185,1
-0.6614976631862199,-2.3308556668353084,0.5637518986379335,1.2414574926145128,2
-2.2599092547086457,-2.931607656751787,-0.8570383726509496,-0.016801580942970906,2
-1.509263905821973,-0.683656271808631,0.5063755973546136,0.5358233727334307,0
-2.613817094269348,-2.636589102226971,-0.5086734508284614,-0.4365698952901842,2
0.3622213181850964,-0.02628019740051557,0.7256235931457435,-2.5972904260100185,1
-0.8597505754154566,-0.7923919758146758,-0.9178482380132357,-1.4360923848970337,0
0.6610250243719984,-0.04704766374299818,0.8306453988068385,-1.1550187762921251,1
0.1751086470477643,-0.1670597600818634,-3.0581161917600634,-3.450210834579229,2
-0.2882005632735687,-1.2546183728023683,1.0807220144737968,-0.6025882988405808,1
0.29821918789143576,-1.355828858794688,0.7347688474365334,-0.043020178969969125,1
-0.8109069482517975,0.8924285138131338,2.3906005421846652,2.772691268274518,2
-0.7833055814410421,-0.9508830300317715,-1.5981306967507098,-1.2859932524077875,0
0.1394658855246771,-0.7076073011646871,0.5870809423634565,1.7792139956887523,1
0.2779133865818544,-0.6613731256452273,0.8505239346614998,-0.07340660982031177,1
-1.782037372584946,0.40767131548639934,1.2422633134971783,1.3942407278753106,2
-0.6804268921800121,-1.3211331870881398,0.7494948777082171,-0.28113735345154167,1
-1.2719247005541918,-0.41301096960056194,2.020094565588267,-1.4119715726144668,1
-0.39831661029091425,0.9919405958966625,2.2379760408081792,1.6345106224200925,2
-4.118430192777543,-2.772532932347789,2.156729043337978,-0.5410343590785853,1
-1.3532813683063651,0.2953621715146637,1.1569850890945845,-3.340894878006589,1
-1.125401145295906,-1.6990919581532429,-1.0201375627531655,-1.7001550132385506,0
-0.814688541090856,-0.7314730978693662,-1.1092230921208537,-1.973775265741893,0
-0.5951955487620616,-0.14452356727379712,0.9552446585160261,-1.0800806358871105,1
-0.1605893643740849,0.9568947243625441,2.8156182045227034,2.4955104354189857,2
1.0950898240908122,-1.0178032443778482,1.7806386570508086,1.1315101348129917,2
-1.5218160966318077,-0.6555933610161098,0.46840109200201185,0.21801740118350632,0
-1.4805049984063936,-1.5859044007850636,0.4049033058972955,0.42922274237241065,2
-1.1555515212141847,-0.8399940079208386,-0.4426182461055199,-0.6208072312428072,0
-1.186494430168494,-1.748981461897824,0.7191337988036575,0.9403150971518126,1
-1.003375660910969,-2.563417641843694,1.0134101632907595,0.7507878734180469,1
-1.2727770379990064,-1.0170391627320683,1.4463097038381658,0.606673824569719,1
-1.1333248104120748,-0.313762290091792,1.7270489299922764,-1.350098081254372,1
0.9156599427306156,0.7622870756474669,2.9607035658431213,2.237236979311882,2
-1.4618967413498984,-0.5924313648016193,0.5105945547849646,-2.0646313439559365,1
-0.30259437089279617,-0.8712688196154244,1.1612555130827824,1.2300626931828305,2
-3.762551140698541,-1.8662721122904729,1.388535117168247,-2.6919937243645244,1
-1.5554971483465065,-0.9045340487290217,0.40899554425092544,0.6614145375415159,0
-1.452102878282699,-1.252839819543661,0.05825539456246975,-0.573470964078906,0
-1.0651946125539724,-1.4169112901739405,-1.569791663012892,-1.5345733947271332,0
0.4009278845590387,-1.2078520003125282,0.4935152236308896,1.6663726407222135,1
0.18996128715062288,0.34622519032913956,-3.089706477297591,-2.093418065588086,0
-2.3113233708440895,-2.9456212735391567,0.7407909629354124,-0.9114020556351741,0
-1.5767596812027251,-1.3323127708927882,0.5820373909128391,-0.7922083081187892,0
-0.7386191953031425,-0.5294355002408015,0.849814701172863,-0.21983878874798357,1
-2.7668339251262277,-2.3918922635121174,2.262264885738337,0.2311229578122953,0
-1.665989189330062,-2.0379463081419424,0.2769809621640399,-1.1279230360317094,1
1.1958161773399358,1.1850512750790303,-4.629412042622323,-2.051958114251553,0
-1.491279142497805,-1.5899772914579997,-1.1226571766852176,0.8620348254827646,0
-1.6168220860515674,-0.8681612163680515,1.1729971426503862,-2.7739165542178914,1
0.11763717373693039,-1.0820147052014648,1.455381342212521,2.196808079541087,2
-0.33740635944455855,-1.0501614167324025,0.8167060122084853,-2.3871518406246275,1
-1.022253885128117,-0.6098847285866809,0.7273432300441163,-1.5662407192914505,1
-1.8129348384148938,-0.025142108036302013,1.275797585095594,-5.273616932335959,1
-0.3163183815191103,0.23629032559688445,-1.3478003421891178,-2.009326668325179,0
-1.63980243824507,-1.18042592487658,0.9454979406415513,-1.0635602560566924,0
-1.2527720445145099,-1.0507117411849203,1.268107548311455,2.5375446877396444,2
-1.0753670085758982,-0.9823818876096647,1.124494786974714,-0.4643351218917853,1
0.1730069609607574,-0.10758934756816907,-2.9570295861561213,-1.9696295039824026,0
-1.7960753907634088,-1.419165501640715,0.9879221964983411,-1.4999135508065033,1
-0.97393227527874,-0.928557403751324,-1.1612739397188325,-0.892326581176493,0
-0.9577614609083174,-0.5636853900158576,-0.43689799091224035,-1.2154328400990684,0
-1.1608645171971412,-0.7733470170214651,-0.2668341654961308,-0.8855694924375297,0
-0.7612393533944883,-0.472282475963827,1.3015511805006967,1.4078638231765452,2
-2.454531319048532,-2.59940034519016,1.2991201962017676,0.44804509706904505,0
-1.5114679689882367,-1.8228059807673478,1.263022897737491,-0.4361736271006381,1
-0.49271783683604675,0.21628220592515102,-1.5337090981143837,-0.9844691801352807,0
-0.6258722863090904,-1.2117584836950772,1.4488158514432432,-0.47488065768360843,1
-1.5085743084706076,-1.3190278158245121,0.07380288092578602,-0.9855300642777156,0
-0.7368615094381208,0.5408698388949584,1.6400788252312046,1.418410286009748,2
0.4978491860241834,0.27987883199559116,-3.9082406974512276,-2.6803234910807596,0
-1.5724062067021962,-1.5666019989938922,0.7830352174502464,0.3366034553882916,2
-1.3061009532592143,-0.46068566875862216,0.4556637722296002,0.24955337854532855,0
-1.7900379862317202,-1.3812727971933976,0.9817286006924772,-1.0819034024117227,1
-1.758428312080615,-1.845452188592141,0.8449502501996414,-1.7224035928510286,1
2.356955075428753,-1.3415438744285118,0.522658557673267,2.0077537146922473,1
-0.9483315638596014,-0.873498020836518,1.285427294578273,1.4016438838001954,2
-1.0259362993347483,-0.6125422806073877,1.3673940536261604,1.5289181046674685,2
-1.7087910303825464,-3.012726445510616,-0.7242155702953983,-0.9952440688016477,2
-1.9575063816967417,-2.830163982337491,0.10913450679091352,-1.4489536122551878,0
-0.9696007617226132,-1.0096074517977094,-1.0026412141163226,-0.8214065856656629,0
0.37548652395305915,-1.2640516038083909,0.5518034602840196,0.3738437224814928,1
0.10911340791869506,-1.4335684430963407,1.0397262209066158,1.3824571894477984,2
-0.8151678530029268,-0.8294776158439203,0.752548997810296,1.0704309890501171,2
-1.81661616213602,-1.4528051551878425,1.39192861934018,-0.9625896988600333,0
-1.544571670812463,-2.554622472272862,-0.09034199129952025,-0.8277375436047949,2
-2.959916476833226,-2.218313082380804,3.3754951628983036,0.2725746646710072,0
-0.8203859750098179,-1.535027188804455,0.6827749342197267,1.3092931292499115,2
-0.2272073741315237,-0.6724450321475207,-2.5909208393153227,-2.375998252684444,0
-0.007060769137559153,0.09510505904528954,-2.8357979171365315,-1.637223719581628,0
0.048596788563543436,1.5772794595517743,2.9317921108338743,2.5958619749381855,2
-0.34726777613300697,0.22809165231266704,1.447118445330107,1.9247208498633752,2
-1.7858745322949638,-1.9200442427706808,-0.3201216903315982,-0.26088012760163126,1
-0.39937301768609845,-0.6568715858990541,-2.6698707865036946,-1.505746777113263,0
-0.4161688317863329,-0.8028309932700896,0.7557080198032728,1.5977149636704198,1
-0.5953926326036131,-1.208221418761825,-2.3466575006515624,-1.1543497871025958,0
0.30041149767758935,-1.7460580592639383,1.3819829617036716,3.321568173584046,1
0.4413525818149462,0.12210503954348062,2.2686396078784092,-0.08306470718160064,2
-0.42405341997071555,-1.0042586993973581,0.8974286591863445,1.3489164267941125,1
-1.3309010194707993,-1.45969990049492,0.39172888271252937,-0.2952816823248452,2
-2.057176781931666,-0.6856397452920209,0.9968193871039978,0.9783579056734092,2
-2.342691662449437,-2.2616759997455747,1.8081620924101927,-0.9852844763272487,1
-0.46769589585583615,2.010821492984155,2.7456567366427906,2.0961463336358923,2
0.16856326094028007,-0.17613067064904853,0.9221872944802378,-2.1799591240256477,1
0.49541037523093,-0.3243841583450604,1.2347718245378594,-0.9253308889428011,1
-1.3119839958798065,-2.0756134627552534,-1.5153884191065583,-1.8032739617029283,0
-0.6802183789433234,0.11497183322728088,1.9383288876717197,1.277567549610212,2
-3.590508739772483,-1.2875263711439635,2.039971537944264,-2.1618420287166416,1
-1.1371159174525627,-0.5399567738158336,-0.24824687521776756,-0.5292464023819172,0
-1.4721603374020995,-1.7699262111545158,-0.6013957928609341,-1.0621025306414635,0
0.5900887789366023,-0.6040847996889569,0.39163035519913225,-0.6163360689714749,1
-1.1263424842254433,-4.475566074200439,-0.5904827515256075,-0.5955342444690561,2
-0.5726775111855684,-0.8847371969853493,0.5694541678355876,-0.4779677178063382,1
-1.8373274074385697,-2.1075877690887834,-0.2802481527021077,0.7822905538118141,0
-2.529932797669481,-1.0731602852823536,1.5995655406612164,-0.48030461086814835,1
-1.0021572279618534,-0.6529035506623013,1.2110391330782846,-2.3608229415919837,1
-0.47838377231155016,0.9320624236411883,2.5541495593861936,1.7555765257605696,2
-0.0954173844321311,-1.4239724973089625,0.421101283003924,0.189471621302999,1
0.15339062482877996,-0.3788675329448339,0.5724438014385876,0.09349929646749411,1
-0.828232067409895,-1.636661070059331,-1.9692133862232992,-2.0745755180794596,0
-0.36575368630636573,-1.6706152237585337,0.2608029652875332,0.7373980123000927,1
0.02851405843027055,-0.5942347001495845,1.1704043962971777,1.2709803110970577,2
-0.4031710267130717,-0.8687005279934941,-2.9768776378952984,-1.173545585642758,0
-0.8838637911386148,-1.8407886901508763,0.3421955518582601,0.07769945350323815,2
-3.10992106724856,-1.6940111026062823,0.8722589411339929,-3.6276388478823134,1
1.5297563886485461,-0.17492276141073593,0.22638541610832275,0.21661217651026154,1
-0.24508483725281804,0.12102664551942843,1.9978585558680493,1.9482072309345864,2
-0.7477621016919835,-1.6210480452852964,0.7642066245082737,0.5682724575743177,2
-0.510726794837959,-1.770482209465897,0.7469750806999165,-0.37760897815488825,1
0.10958995903917002,-0.5674728004329466,0.653406123151317,-1.7031562506821465,1
-0.4765520941980178,-0.0015096506077343363,-1.3517774150747068,-1.6971481917829228,0
-0.03091228449699346,0.07511577795647928,-2.6708969626323418,-1.4760681863390408,0
-1.2360571446452213,-2.4578336482159315,-2.0985744990926953,-1.1359709478649118,0
-2.5854135822023983,-1.3314852782624462,0.9388071012527989,-2.159161220672093,1
-1.347414839139283,-0.4045096200079199,1.2630572252369612,1.5787265237147952,2
2.3432265505690353,-0.8090330859523811,1.9970911075099984,1.3034193790127724,2
-1.2550802597051307,-0.21885088639956296,1.0122106631726646,1.7244065782982338,2
0.3794129439077578,-0.3224400713801877,1.9255209423427841,1.5556374205482637,2
-3.0757734924313316,-3.4994383768222237,-1.6849362261135337,-0.5763781446963874,2
0.6747591204598085,0.3133407110223261,-0.2234757705689201,-1.4468194663332357,1
-1.0436945959957824,-1.4553747323675281,-1.4176980816204607,-1.2379526849922338,0
-1.6862929445264672,-1.8623907449439163,1.92227995451185,0.13185346286856592,1
-2.2152818463648005,-0.677786091905212,1.7705375037406348,-2.904504504385588,1
0.5605673592048488,-0.7794440932682298,0.7440379799184484,-0.22401344773238574,1
-0.23791720473487787,-1.8150769390904462,0.9967241965293571,0.34771464843891087,2
-1.2743320051282074,-1.221178279597557,1.2969108825474982,-0.6432718132660551,1
0.813984001070361,-0.5654610661600363,0.9129669875912378,-1.7909789863464767,1
-0.10351881714934297,-0.15681723206124687,-2.563679705552241,-2.576698048834848,0
-0.13381418768924902,-0.44222799734990414,1.4842701925711417,1.3012774429254923,2
-3.122490838717829,-2.6731449271567174,-1.2890071728953245,-0.38701925601131504,2
-0.7242241198431202,-2.334402071949998,0.19337869392538765,-0.6348658139003773,2
-1.1555702202075988,-1.5793539541206094,1.3566411331692894,-0.17540743327465258,1
-1.3483038465797847,-0.42506650430835835,1.8833506104230668,-1.33558178827378,1
-0.6099557565069619,1.0478416130396253,0.893173224876157,-3.2739078935202297,1
-1.9042986741650387,-1.8770902052632281,-0.23730319701119118,0.8992873760102473,2
0.589000412508079,-1.8625193807088953,0.9581386202300883,-0.10522654772406503,2
-1.7227120877408222,-1.300325896983932,0.383790340487282,0.3608736206884071,0
-1.7744870283509298,-1.7829841660409849,0.6570949897959173,-0.6787370257271457,0
-1.2636441877141247,-0.5182203138645911,1.2497834486425798,-0.4725005133287462,1
-1.2293910613536716,-4.326340787391234,-1.31695239519009,-0.009475815087128359,2
-1.1880591881731748,-0.8926563646827019,-0.21380973322795827,-1.7036763280844656,0
-2.304453088604479,-1.8147020797810463,1.3105373310598059,-2.5369493980757767,1
0.7221838176088244,0.9978191483978818,2.7178772604917256,2.4841058896572044,2
-2.826797606881593,-1.09141781435008,4.163258415738916,1.3481324388625464,0
-0.19576942879082515,-1.0957859929156912,1.25991161329422,1.3881651893830296,2
-1.2247624196586764,1.2345734543541504,2.8220158660651586,1.166808124096709,2
-2.926620648416784,-0.8916939821680103,0.8925096121882511,1.433003675022744,2
0.09137024684793649,-0.002740071894157592,-2.9769002394255257,-2.3929752159946056,0
-0.7504767110224704,-1.684929760885589,0.9627324394183782,-0.009825441207715002,1
1.3682248328253208,-0.5635350525161344,0.506298760048816,-0.8774115020044546,1
-1.4465108240915725,-1.1159216382283281,1.6914647013295694,-1.5666963519273507,1
-1.3270131105874856,-0.4172789822359111,0.40352402211457106,0.3053559015849274,0
-3.271045078867599,-2.7623907775495953,-1.1642696356798945,0.3907024228433048,2
-1.4215532535107358,-1.040495283815995,0.03104343994629155,-0.5825544512223546,0
0.45303783948589205,-0.9711887837327986,1.521372234128424,1.8002473796470215,2
-0.6638279770046162,-1.307395801596235,0.6762969199267932,0.16944530390768597,1
-1.4094595126613239,-0.9938862790801022,0.8495461172217661,1.2640727244663965,2
0.26277894067461105,-0.06044325873831535,-3.4225011330165827,-2.404658561293636,0
-1.3441182070409858,-1.360397461954238,1.1096992287007816,-1.3631831442468003,1
-0.9397163148923924,-0.6098152098387934,1.0396326894408745,-0.29226148524950313,2
-1.6512182204294388,-2.0324395856325936,0.0252760883465295,1.1075595495868638,2
-1.6387322280551326,-1.829755618576298,-0.03577539117661843,-1.3352792772090343,0
-0.8877650399617207,-1.387346287848583,-1.520068900940747,-1.989566889585493,0
-0.8192496003916976,-1.171092982325913,-1.0323260116093806,-2.325431117297577,0
-0.8987483542231952,-0.7890470770211624,-1.3239161490008604,-0.8672624531354792,0
-2.001114286779986,-1.3359361452293756,1.0076750757147197,0.8953325905113492,0
-1.0572175641175492,-1.4767397646586058,0.32937972272231675,1.1497115325930936,2
-0.9015118612622862,-1.0286671649020054,1.0461956248599258,-1.6824528799055303,1
0.48592721094231495,-0.69019127225421,0.1207819922116381,-0.07090833802639296,1
-1.3749507789685644,-1.210683363584517,-0.4761754095614613,-0.2984153465420336,0
-0.1657072923317734,-0.057111044385396936,-2.782685413908225,-1.050737630084621,0
-1.3577292877444553,-1.330552157627444,-0.3942643507478374,-0.18205219140464812,0
-1.9540445924166192,-1.1076950618747488,1.3351726581738443,-2.2879755160182116,1
1.1510186452148914,1.6653350644954732,3.586513852539685,2.9258129507342128,2
-0.20055486016252044,-1.0511465475737785,-3.6066946227408714,-3.091108459940236,0
0.920051330115566,-0.863627335398809,0.8789551288835791,0.9031014022198462,1
-0.2694624112650943,-0.22052761450511027,-1.9261446231082469,-1.4697779243592135,0
0.21921699972434117,-0.5386061058775174,1.4372911485230557,0.9384206968662268,2
-2.2122294924061277,-1.7428458896698604,2.0845216012149455,-1.1706673764976985,0
-1.7578441764996822,-1.9111309167044177,0.2613397243107387,-0.5585998503872229,0
-1.1390224239873272,-1.135958870998404,-0.8206272839193953,-0.920722029165906,0
-1.4887634247751382,-0.9519526322479377,1.3022487394566802,-2.140334705670544,1
-0.30306373547045284,0.719434738320313,-0.7688754387666277,-1.1474591792886661,0
-1.4338207725688885,-0.8870800205343887,1.1273149899135193,0.04333317495596456,2
0.7566540079573192,-1.2850427885482396,0.6402618613776552,1.2232345489082355,1
-0.5206849711231722,-0.11684940251431031,2.1560542073863753,2.329593777124005,2
-0.8613843133908634,-1.334523746775815,0.8389676945305877,1.5545986722548935,2
0.045884682270062704,1.2151895260646994,2.651372878067391,1.9006712528696266,2
-0.8863430153695739,-1.2191892672834843,1.315310741767746,-0.01537340408868515,1
0.7132939433947565,-1.0649590872196613,0.5611318755046677,1.3652929786200825,1
-0.5121502092026646,-0.7896148779643648,1.2800559677291177,0.32210846427241435,1
-0.48517501406810837,-1.4928122606058647,1.3214722202151021,-0.46849364064217214,1
-0.6786085102274313,-0.3064261914586065,1.3421067962618993,1.703987640818113,2
2.06667235546782,-0.8597551850820262,0.4640786060444603,1.6014511234417257,1
-1.0929790449835477,-1.3710415763424262,-1.058581328489367,-1.464256496408955,0
-1.2310308840349289,-1.694342727102739,1.0151668025593767,-1.2235032559127348,1
-3.1217741741981104,-1.619458613612263,1.4467807422631198,-1.0340784969686294,1
-2.7558634638207087,-2.101364637469007,1.0160577590037727,-2.3297245173169783,1
-1.5167391777612909,0.2753378660824912,1.5550784294637772,-3.7864499712812414,1
-3.389784954979401,-0.6825906726513608,0.5904043141117303,1.175766105609177,2
0.36061877503201023,-1.3411356270161205,1.2059185962356056,0.706476304804345,2
1.4043319854035365,-0.06998201610513521,0.7416931540968884,0.996765433328618,1
-1.848566564773857,1.469588584261802,1.9851258995655747,1.7794058536869102,2
-0.7912235212844854,0.189987331500314,1.128678966116446,2.971337773910519,2
-2.0230800037710015,-1.9773781118160296,0.23487995120784833,-0.29264008435898026,2
-1.611663979473252,-1.187197168951408,0.3907499362661425,1.0941966709052156,2
-0.16712471966994502,-0.7628698207386923,1.9250858519014358,1.553880133489382,2
-0.1798868996439752,-0.6995500736063034,-2.712040489884228,-2.262556610016312,0
0.42339757831962954,-1.0273463846633757,0.7049596705813028,-1.0150982622437068,1
-2.2013725270041604,-1.8869128157555006,1.1860393132188705,-1.253648154327787,1
-2.8679193527340354,-1.2152381987781662,1.1090328856239577,-3.024309132841534,1
-0.39582376027174315,-0.06239495598337119,-1.416010892949924,-1.518744377684894,0
-2.1562716489146965,-0.8892333613328846,0.4508807832401771,1.1582072918052984,2
-0.29848535860271963,-0.43971472219706,-2.366250695163644,-1.8843220248857142,0
-0.1693292005649849,0.6168386096828089,2.0613690513858898,1.8107561761402753,2
-2.928362305475291,-1.2726458534869336,0.7309434580350171,1.4543634200920166,2
-3.0784472853728397,-0.48119194706885604,1.2528296814732076,-2.89488486659314,1
-3.2072019423709515,-0.5899577277691617,0.48953801942002406,0.8826937960276082,2
-1.39432177060121,-0.5634249682031232,1.2399796854912237,1.2980282294382879,2
-2.1603534038747734,-0.5435477674166755,1.1820056515156765,-1.4130190920564,1
0.217687293799816,-0.11139853211641326,-3.430055696140972,-2.6058210493018343,0
0.7997055785271034,-1.0319874847178567,0.6462306459252467,1.1965700203323317,1
-0.661490366724873,-1.5824569627936944,-2.771152780970482,-0.5086170388053464,0
-1.8382785808864424,-0.15006707835341748,1.286567086576183,1.118830821807095,2
-0.5319040583153818,0.939144592258141,2.156726695384677,1.661667846474193,2
-1.7052825510385783,-0.8343159849879539,0.8631713378915742,-1.6024295840273217,1
-0.4204764860205987,-1.001933513147021,-2.72845465692082,-0.7620330836377138,0
-3.250803446062597,-0.0596677986683265,1.3975627640867034,-4.478043923312507,1
-1.5054183950874294,-2.832372661242576,0.13724121850046644,1.0767545672470817,2
-0.7015362027616924,-0.36968823983040067,0.7523974411506931,-1.5217893986382998,1
-4.334222816416251,-1.9079506794178813,1.2755219210564976,-3.0994327855338475,1
-2.3146524866987557,-2.4089448745045106,0.7498324966455756,1.1939041700807063,0
-0.830293064882972,-1.1320076209542984,1.139008397107324,0.37961029050715867,2
-0.27645306818482895,0.25156882535082814,-1.7080425312511016,-2.0152596719466995,0
-0.9564703373667706,-0.3302475116000825,-0.7493835012541006,1.0559948105312156,0
-0.2517107614451548,0.3200750447972187,-1.705038260191508,-0.6629036498317287,0
-0.966746336812015,-3.11967777229591,-0.30589243732874194,0.923265083674265,2
-2.5794617720119195,-3.1091961262947603,1.24269043214671,0.8137322142739774,0
-2.1568239792295385,-3.0874218300613347,-0.5070964777705262,0.318590030462526,0
-2.6014528590040666,-1.6549299080100555,-0.22404543527887144,-0.18384872495135562,2
-0.6518017324994674,-0.48259816757677165,0.675415406969358,-1.5783506893450843,1
-0.9264198026039765,-0.6121836492142437,1.282951331097798,0.7770884781547163,2
-1.567018197494912,-1.230711846686155,1.0692488095232588,-0.9319878035981467,1
-1.6668389601244338,1.219757170161607,2.3173170138222616,1.0802103140827295,2
-1.4477206752986462,-1.1761059426128047,0.33067002392670475,0.9569539324284004,2
-2.4284830020500277,-2.4222231707851662,0.5848203379436889,0.9419746707268529,2
-2.547153935231102,0.9554328936947203,1.4759721483500186,1.462257539635776,2
-1.1678786637950747,-0.6901005980162247,1.4268278241833237,-2.514678197333306,1
-1.4947577842013124,-0.08565414855228759,1.0076784258769083,-3.4943692662151054,1
-1.20761564699746,-1.1540169648513054,-0.5146972649036679,-1.0259844428613885,0
-1.5039779746055264,-2.2642916860644826,-1.3543969968273557,0.0813179285482768,0
0.9403672020051037,-1.6038381919687466,1.168090426738748,0.5260631966230696,2
-0.9935406169658308,-0.8950568076893327,-1.220274546672789,-1.032804960115567,0
-1.8335467210202812,-1.3109919210110008,0.6687208173042247,0.8072902109091178,0
-1.0699832161811293,-0.9558366965693585,-0.728767292361272,-1.4034680386700435,0
-0.8214381399247722,-0.6206925845750917,1.1276457655904195,-1.4347095938589711,1
-1.2631610285814057,-2.314627843598818,0.939887610026676,0.6272297686372748,1
-0.0024548327599861475,0.16878089134265628,1.845764479635712,1.2338066653013677,2
-0.1781544621356127,-0.830449478089679,1.1888258031041792,0.8532574316992497,2
-0.6174669985876295,-0.47559125788858625,0.841754405069324,-2.3692161777637946,1
-1.8297256248876743,-1.2974013786058678,0.9398327078701171,-1.9731146902063146,1
0.9699090058073414,0.39441151800259333,2.258750483936481,1.6645234485090463,2
-1.5248696924379763,-0.8794125674727116,1.2549726237342393,-1.4379268784049741,1
-1.1857307185355948,-1.5220502304623853,1.0515416680557719,1.0636626719858118,2
-1.212109825154589,-1.0612628435276832,-0.2912557580613583,0.15245370668437164,0
0.47818592355105904,-0.11558497365448794,-4.065119942644948,-2.8495374193599683,0
-2.1690891527214466,-3.327488148903318,-0.6641923110516978,0.06649718162328544,2
-1.4633398903189643,-1.0690758934140305,0.5328851416730052,-1.24473894006473,0
-1.8770032040446019,-1.0475954253447788,1.2294182688332982,-0.9477245217349881,1
-1.9862218069404347,-2.1265497962483915,-0.332604325647998,-0.13095037394337328,2
-1.1201726041825628,-0.5940076777257375,-0.2174778907427679,-1.9656059069294924,0
-0.05560936575047226,-0.6808166021346345,-3.3488790489674063,-0.8818461496452176,0
-0.4653842186711501,0.955545117186686,2.4434013875006046,2.58218872498547,2
-1.6580734619416084,-2.9878575461921852,-0.1549214684122866,-0.2333497283522048,2
-3.426689716337711,-0.4267879554234666,0.1802418936638458,1.1881095987178938,2
-2.386510194208578,-2.1446551047951217,2.276312184805951,-0.2905336820968647,0
-0.9700927980233677,-1.1266590848338125,-0.9932939319197731,-0.7635194654849946,0
0.12497772047349298,-1.1133150750905942,0.46243956946118303,-0.15820936786464945,1
0.5493924284949092,-0.42111346095653057,0.46896717542873445,-0.4484566897387162,1
-0.8084286329605256,-0.3230943463454655,-0.7095120982758657,-0.2678781692838281,0
-0.7212756608636758,-0.1150164108699705,1.420938199076127,1.1126045858718303,2
-1.9055977786610487,-2.3421706643789157,-0.21842161201219068,0.8539823365033292,2
-0.8114581110682704,-1.3472041712478835,1.4625068388588214,-1.1011351995427692,2
0.008656024302374776,-0.6704522106722384,2.3763545672570503,1.674360595444397,2
-0.5695347751733122,-0.4553322542281314,-2.276254735490427,-0.6356125404164363,0
-0.2448540227222218,0.480035901853082,-1.5904943169201602,-0.981342641318133,0
-0.19616028356625304,-0.43102739623156316,-2.822660795829863,-1.445589357312624,0
-0.3452291591109925,-1.9098547230702894,0.8053999099535529,0.21957754555337472,2
-2.1626230388182313,1.0231641926092148,1.4242188724276346,0.5341117947041144,2
-1.879987769055603,-2.079447807127175,0.7306146419898005,-1.4384432982224702,0
-2.062805828709612,-1.6794209374336948,1.349629642299456,0.3576027338681338,0
0.07132461429273618,-0.22043939106176824,1.5309826122540362,1.1067218511256383,2
-0.5334292868106878,0.6398756037159186,2.4508533801207033,2.0207861833704968,2
-0.34609230947605263,-0.7816357050944318,-2.6359229467055583,-1.4341888532900544,0
0.27334358354960897,-2.614784139902934,0.5395372140439885,0.7071263683599316,2
-2.0068334933926724,-0.7775160623642419,1.5107186193343887,-2.502475627665345,1
-2.2982801899396677,-3.1042911737111636,1.609774426864079,0.5033149843031606,1
-0.09297311708555522,-0.21982812445587652,-2.4896342663511044,-1.8549843223225784,2
-0.9182413591023026,-1.7864908237325583,0.8683700676414076,1.386592420090171,1
-0.9650870201894172,-0.34843832951703446,1.4938407466308348,0.8787722184181653,2
0.3072218274298941,-0.08055144004918391,-3.7662520353267137,-1.4890990665506578,0
-1.4623215953947923,-1.0566448588745696,0.14145519866495349,-0.22684941107753243,0
-0.41735703239475375,-2.0489910809185146,0.9492903456065067,-1.1034665413161977,1
-1.334980596529918,-1.4545171964208947,1.103774617774275,1.8874994691818898,2
0.6456052933055569,-0.8176612364717872,0.6741571342868182,-0.8805593385509272,1
-0.45933234981642024,-0.10679442943363315,1.9095726700474578,2.245313027643613,2
-0.5807927897540082,-1.222440338575143,-2.4651723954490574,-1.6429817806257436,0
-0.9233268941923388,-2.046456791463488,1.319212313454706,0.960483509945969,1
-0.04709311955797335,-0.883853728578672,1.3471295016315123,1.335480682233722,2
0.06212139628366953,-0.1515609569430556,-2.978937339692965,-1.1832801241827489,0
-1.5751531150061886,-1.804560992140991,-0.5654545843515256,-0.31385552024703345,0
-0.38456871373977763,-0.16150558754245514,-1.7983215963398171,-1.4132933946722341,0
-1.5902457456921382,-1.6887317576606071,-0.37175081461149173,-0.22637098273100398,0
-2.392158261907269,0.029652603388861554,0.6720123470814937,1.4956217675641021,2
0.1158105965544376,-0.8746491768237756,-3.9878576314784473,-3.7318527730102167,0
-0.26775168721223197,-0.2863740674508286,2.0433623337413906,2.054989834376837,2
-2.599023356882655,-1.3661577180836237,1.4343645268711258,-1.6760608031508382,1
-2.6121467131735523,-1.1263607787022716,0.14932196004168907,0.17863476820656976,2
-1.9882495195243228,-1.2166634571942776,0.39438941188622323,0.22049766340218901,2
-1.870936450935298,-1.1877966996451539,1.0868271423982092,0.1407720871226621,0
1.1438768532562262,-0.26889626216966,0.6060317694737654,0.5649017306218174,1
-1.6252904407104518,-1.6091148814527265,1.1750410242804812,-0.14422155740451714,1
1.0404554426700714,-1.8689647135622571,0.6116365854392254,0.6287566776621294,1
0.00633840486768622,0.2865058156462037,2.038029072076722,2.5364093213297894,2
-1.3986227702915337,-0.6537163814650131,1.5629318884286867,-1.5038542967186928,1
-1.0680420856944393,-0.7783042858568725,-0.5236090364101837,-0.36549199123058285,0
-1.0058876988123107,-0.5406344424813418,1.4868381166088247,1.6028109178737162,2
-1.6850600558901967,-1.8778530452142501,-0.37126447903960713,0.15206198309642294,0
0.8777234951027559,-0.398097724389335,0.4247647612580975,1.5680658608807163,1
-0.33240855157469884,-0.5354590662103891,-2.1025982411448196,-1.8141270038150419,0
-0.3505435388720488,-0.6085776723006027,1.7001594376181777,0.9932019192339288,2
-0.32012710484408924,-0.9059523978373434,1.0640993861693162,-0.42206240687777696,2
-2.2146033760507016,-0.15111785926831645,1.0281831471374214,-2.603264121234428,1
0.23076452595025976,-0.2653829530657733,-3.9089461342278375,-2.8939202458497304,0
-2.290158471191775,-1.8914156841687761,1.4010005359421953,0.7462687584018883,0
0.668446362427507,-0.2546466690747653,0.504911229723185,-0.5505702655655167,1
-1.9544611716603235,-1.995903569670688,0.796995024896147,-0.4069336805370499,0
-1.3711399587538002,-1.2043465732502014,0.39099274403903017,-1.9574023348921532,0
0.7401953722516841,0.4933100881249981,2.393245953216781,1.7377419529526945,2
-0.927784886112524,-0.8351599385251137,-0.7040858605086358,-0.7110835537417542,0
2.16038835307216,-0.11393425276102753,0.6907076803582763,1.801500259080861,1
-0.5246897340510869,-0.27924081221902897,1.1096750171165135,-3.2429922556826067,1
0.7276889443542802,-0.8296615095259386,1.2001141037957102,0.27010475535771805,1
-0.19200088702317242,0.4043585788390691,0.7270203943164311,-3.3867398738531884,1
1.3194054004616338,2.4392227117826115,3.595070730163787,2.73712089417915,2
-0.25276500336806873,-3.630288841664201,-0.375032141592075,-0.730004721216063,2
-1.9787715215022958,-1.7271293500464258,0.21535340854946394,0.2562647656543582,2
-1.2505584223095243,-1.5884589962694775,-0.6438113043348945,-0.7449563935493393,0
-0.31541298074271185,0.815098957906047,-0.9169260406273269,-1.0904903861416315,0
-0.16357537485452167,0.21826783616850642,0.6135995102285433,-1.2154469796616312,1
-1.623822990375408,-3.016437272564356,-0.5979574441298701,0.737889374953034,2
2.22058355681235,0.8061703773675664,0.7408538276878088,-0.4235474408697376,1
0.2705633477654239,-0.5421130291243816,-3.835453095333611,-3.6314575915329366,0
-2.2714175904242992,-2.868113068854896,-0.5889843513577344,0.1924503095757879,2
0.38833433193718814,-0.8418954469858728,1.0228721778196987,-1.087975253668037,1
-3.5009008818301584,-1.707214659786517,1.3989195205212015,-1.8666965349378934,1
-1.9783524323780384,-3.40400888653356,-0.6188352109133453,-0.327238601978858,2
-3.3391626940236385,-1.9425318219310546,1.6245287112670384,-2.337115706892966,1
-1.321689679176995,-0.9204411145860236,-0.27740619565687563,-0.11541607069589177,0
0.40755454113476675,0.666775606792765,-3.0983097916907933,-2.6528518651823143,0
-1.1084453668785668,-0.7099153804600871,0.909619505805882,-1.6510775135494613,1
-0.13153879205780028,0.3623477805272777,2.1649246191811233,1.1962872758164158,2
-0.9104423174184664,-1.0789386265025234,0.9706464740614381,0.33121157450946503,1
-0.23040566118339179,1.23148888808061,2.164639703989465,1.8096532676260204,2
-0.8342980891817973,-1.8419426100175822,-2.678341195262548,-0.9833964839041649,0
-0.4807626293505848,0.4231794067696808,2.24987585024274,1.4567342406633557,2
-1.1233672336102467,-0.6581495624152944,-0.15496573634695332,-0.4415645952772219,0
-2.7692107789395015,-0.665575612851652,0.8040015454556207,-3.0050772195531876,1
-0.9512540021193552,0.28333208779707264,1.3482810308210644,1.0309571245777265,2
1.3255966838862312,-0.9491971979408766,0.21326182000820915,2.0730324379983673,1
-0.34677707340240893,0.16821320665979167,-2.0596265192376233,-0.8055578440758284,0
0.8616740024676173,0.10578932252992757,0.21384447062940248,-0.5570902250121463,1
-0.169782707094978,-0.45075112170178666,-2.959170901071492,-1.7192612763455344,0
-1.2980540186858602,-0.5871965835225894,0.842220266537675,-0.16426213755564123,2
-2.336357487282997,-2.4185290105439066,1.176938287709571,-0.6269792193932537,0
-1.3155723659086775,-1.4389448106496487,-0.7275468465636721,-1.0466046751157625,0
-0.41921874831299677,-0.9021557504108058,1.0101424202414808,-0.3926264849593464,1
-0.7306758596493304,-1.0073175851105638,-1.7110829395455518,-0.7095947279072667,0
0.3168404147613275,0.0780652969549076,1.5510758054515765,1.7079751861407515,2
0.587466970251741,-0.7935064432560418,0.34244435908432924,-0.1868723746452321,1
-0.48800210287717605,-1.9749469343323223,0.3867552809454953,-0.13147521214654811,2
-0.5739282794309786,-0.11391767807066833,-1.697295776119309,0.07963876789667368,0
-0.6372270139118958,-3.1088150909132994,0.1697035950732214,0.6938775729312698,2
-1.3776559929840364,-1.3888382943361537,0.8514641536505843,-1.069831764349042,1
0.3516765300548863,-1.2829869153596964,0.34564193636573015,0.506517872742966,1
-0.8859126962104289,-0.5477823408643474,1.1152039625164774,1.2559960624003195,2
-1.8979131605203987,-1.3085035548770854,0.5193813093518853,0.4783150771695861,2
-2.5069348250836962,-2.8148828648545337,1.2125473429844829,0.16218977153636782,0
0.30353708386380585,2.431890152599146,3.5709084498354358,3.8795804331972152,2
-0.8887835379538794,-0.7483732306239761,0.7836930491949203,-2.0784814909915124,1
-0.4465119470933575,-0.7137489600311098,-2.4859949081575237,-1.4807539219816988,0
0.04179529896784828,-1.0993674981186659,0.7387635595296972,-1.1249215470232223,1
-1.819172685860119,0.33699243398477363,1.9154497477789654,1.9386975058023777,2
-0.4174252583094099,-0.4728266261055185,-1.6960337884198475,-2.592064632050171,0
-1.0015556521021158,-0.9267300413393089,1.1672124109968742,1.2202303704743376,2
-0.7533685720377393,-0.5767277368275437,1.220180093689413,1.4517725213999804,2
-0.5602352580822623,-0.7407746419457218,1.126180422384396,-1.5443343193079542,1
-2.428683555616467,-1.3162105417978165,2.7418110795409105,0.726379127566724,0
-1.158882064128368,-0.6372066827025548,-0.35039842071952076,0.07552684149012423,0
-0.9491450758798904,-1.241546929121095,1.006318906704488,1.9549338902292912,2
0.9582490184320935,-0.7824462827843274,0.8212747026953345,1.594490893996226,1
-1.4102490851723006,-1.6572738985484206,-0.7075953418284631,-0.6076326253330762,0
-1.3287200668890902,0.35911652834274954,1.9926724242936322,-3.029134757346395,1
-0.4517764363685107,-0.9385496736777553,0.8837932044614863,-0.40608941210547855,1
-0.3681093908217151,-3.7751154061657264,-0.6966441718953489,-0.5024822098361457,2
0.018004115309450563,-2.168359431940432,0.42619759821483605,-0.06516579448121607,2
-0.7825394152237083,-2.643254139195879,-0.3468021784260089,0.838702476953067,2
-0.9286325496104479,-0.40315524720200335,-0.5360594221814676,-0.05853235734835183,0
-1.125234184232984,-1.0210564758740197,-0.7126854276685276,-0.9502810692863072,0
-1.358052288646485,-1.069962661758495,1.038357779939676,-0.537956553047489,1
-2.2022473640232945,-0.791206083986006,1.307858998537343,-3.9001256204820396,1
-2.822357131746096,-0.4591329779453426,1.246517342426871,-3.1726987141576304,1
-3.3128776196151293,-2.2322772263600577,-0.5214299690018596,0.2720538905592861,2
-2.0397964504235495,-1.3600081675890323,0.23233242830843603,-0.07577521278187116,2
-1.351782408476867,-1.16098060198497,0.10296629460269169,-0.9537361630222605,0
-0.9567323469184915,-1.358723792860671,0.8320230789145194,0.48614854147095454,2
-2.0798564666195913,-1.8842119812505804,1.2637314476309678,-0.5528216488171797,1
-1.0299902642977898,-0.2982395814702653,0.08119361447183104,-1.249629258382144,0
-0.50617241020915,-0.06795588999465274,-1.5304197013761827,-1.1613013981862923,0
0.8692832216093223,-1.4625836406945545,1.640376701474276,0.6694874366518668,2
-1.394839472913555,-1.4578969938619513,-0.27644353093260443,-1.1891284449681412,0
-0.7458731013151991,-0.8660275252972403,0.3484325300667137,-1.046985962136892,1
-0.19761343888380856,-0.1872590754947171,0.8057325505488713,-0.7437219808002856,1
-2.5551500501807887,-1.5591352026555882,3.567540236282581,-0.4180889948861859,0
-1.0873974740418386,0.8207998230963098,2.1266955068850075,0.8523230493886287,2
-0.8596667308679512,-0.7994011211015895,1.5966339974125576,-0.03039399802689624,1
-0.9722209628483306,-1.3152190084125368,-1.8067508531529075,-0.9001246755696732,0
-2.179265912443004,0.2897112104714761,1.173514917123323,-1.3592122009973524,1
-2.1593270659945247,-2.009022688203588,1.2949867829433876,0.24326059340696382,1
-1.9313042801222964,-2.103932963957111,0.5303044791603182,-1.1136846119443433,0
-2.183441255310453,-2.4472119951234212,0.5550701963630766,1.1491832630815684,0
-0.5397156455369062,-0.1250648968285959,-1.7145993967888906,0.05488739489983452,0
-1.0917960191840588,-0.006534978423307414,1.5853327205247632,0.8195591150993873,2
0.8186091225066257,0.8426850056952517,2.8230552105593363,1.7899519331473943,2
-1.9679199638791935,-1.7713420605436188,0.5930180421729323,-0.7735753210326081,0
-1.2101232260921275,-0.5511259228876795,-0.24621398936547068,-0.40467566882267236,0
-0.7369924770365432,-1.0705917089233732,1.362568325018572,-0.2539650498261231,1
-2.3585422686762376,-2.081141064226558,1.375108587354236,-1.6254132477565513,1
-1.5510246949250317,-0.3491616542888031,0.8948970462603358,-2.644311999678635,1
-0.8035665778610384,0.2497826910714962,1.2828217256229375,2.001640285139364,2
-1.1191037572089797,-0.619793520086414,-0.09812806875366109,-0.1721018448984789,0
-1.7302875070996389,-2.131283516035173,-0.26242666640196743,-0.7608509655585723,0
-1.0509139657128794,-1.4083997296218371,-1.2227894988868746,-1.542552785229664,0
-2.903903900744356,-0.48062772324223124,1.349648032201074,-4.632604394642518,1
-1.6305378461469227,-1.4234910770654787,-0.07887234694521472,-0.401659442599161,0
-1.5806348359764104,-0.6418109020810172,0.9980718254048039,0.9777288373071674,2
-2.59842193193873,-0.7802618946921326,0.5334576901969104,0.7417719341163589,2
-0.1783745729078463,1.7897996595147072,3.57889211806202,2.9486418899467366,2
-0.6926717064825936,-0.9084369019227911,0.8478960686627466,-0.7876639189035416,1
-3.0124614869996447,-2.1799405395829354,3.186353689324462,1.3629471990277313,0
-0.21896421752453588,-0.19760623319917603,-2.5202705104519576,-1.3353162077113359,0
-1.5254483461809487,-4.410153558519403,-1.701965705943445,-0.9304033429861105,2
-2.710603257302603,-1.818274365033136,3.08326278265704,1.480414878684655,0
-1.148073336728893,-1.356569914059451,1.2052666635200133,-1.5058414358502592,1
-1.4817860950764485,-1.8046765458930025,-0.3462848396189545,-1.7372246208496536,0
-0.39721079590907127,-0.3511946976301409,1.7989973111430493,1.9193596001071498,2
-1.39539907693125,-1.1072098270304023,0.6056392908586761,-1.6917277085239975,0
-1.0804907480265598,-1.0928484939233114,-0.13960179873191625,-2.307581311102534,0
0.6032952028194563,0.46026486419347945,-3.356790274466379,-4.001144617457419,0
-1.344919695330557,-0.656211675253839,0.5847782410445003,-2.807092355630151,1
-1.2716124146011958,-1.398091069734137,1.0414130145085798,-1.6124824054698936,1
0.801673658744352,1.0633914796335935,-3.808300134978446,-3.3259469106765613,0
-0.31393163532276924,-1.0957006715350126,0.9798795892517315,1.068622814409793,1
-1.9738553728636794,-1.3880988373415137,1.0081909617056337,1.0137839066896501,0
-1.1467290460900832,-1.2716684395854756,-0.6867831383809482,-1.1155488316400377,0
-0.9271011704892093,1.7840505021241766,2.5190255761573335,2.6170365633851898,2
-1.006372939595277,-0.2643919246107136,1.9773569410056218,-2.42596988140006,1
-1.1453850492846258,-0.09324285782001573,1.8499115027250577,1.4829729806525496,2
0.17491591751790803,-2.3649236782120684,1.1990595425244657,0.9875568847070179,2
-1.6827217289247203,-1.5676727451167227,0.034548828260239306,0.13552960547357085,0
-1.7553758973182354,-0.2694018172634117,1.5900495671549195,0.8213774410470487,2
-0.648396765031165,-1.038901773725285,0.8290242159745638,-0.8491414908742236,1
-0.7796899944888719,-1.2388337972816732,-2.1754700965961282,-1.3905593722798417,0
-1.8032870369908869,-2.1674718447953927,-0.1767487236362536,0.7989767472983544,0
0.07417598316692198,-0.7651254852766571,-3.811380137125565,-3.046418237882413,2
-2.4399999502980334,-1.3063413437898377,0.4001575926420987,1.2858024874025626,2
-2.0135523909424906,-1.4761545441905317,0.934697260867023,0.25550051890997305,0
-0.9623858488279032,-1.2442945474758418,-1.5055463623120193,-0.8448734389015684,0
-1.2796142937983142,-1.3653436497361433,1.0704883556328288,-1.006972031813243,1
-0.3106547341688456,0.14015749781421083,-1.229829555213164,-1.603794619270646,0
-2.0176094723220777,-1.060117080339632,1.569931118282415,-1.7179129574951282,1
0.3952007049562003,-1.1622887523433483,1.2667762517522607,-0.4150554936888794,1
-1.1757274584711268,-0.9576729486125699,-0.40795460680370654,-0.5182637490836566,0
-0.5761918836387823,1.26816103952061,3.0146474165127097,1.5672949599284762,2
-2.820262373537669,-2.257301515188386,3.050355710356002,0.571710959662747,0
-4.5301884285266025,-2.0474994029407005,2.0819580647304434,-1.0693668561237641,1
-0.6633747454361278,-0.6933703182917489,-1.399808025173087,-1.4821977683583172,0
0.3815766020440565,-0.838105215964773,1.0269779510518795,-0.33727999868971736,1
-0.15519109238979656,0.36366361472104103,-2.4163094632387376,-0.6315896342075406,0
-1.0920480823116094,-1.6636040135471994,0.5183317262176024,-0.09247193733601466,1
-1.4578226189969463,-2.4160952012031203,-0.2991708406342919,-0.6581106195934405,2
0.49193363072279594,-0.9396640316953989,0.11871383727156393,-0.24480523269191024,1
-1.3874432409866033,-0.3553483544268301,1.129060181143619,-2.415590087036891,1
-2.9443993690042776,-2.9841758436812293,2.244133044127099,1.6560599408536971,0
-3.156144788652954,-2.2053312925029864,1.3462486028323366,-2.1065928877551077,1
-0.7500151597454503,-0.762854687343408,-1.6688950399501712,-0.2846558811655213,0
0.2905665208968651,0.0006969393950222447,-3.1980617754013054,-2.852265516995536,0
-0.5630388861751217,-0.14352959396783183,-1.678300858599789,0.03884026812806751,0
-0.11391972326744437,0.5220520734861824,2.551635844551665,2.3108081980038584,2
-2.484931140934214,-2.021385167819468,-0.1601581131707892,0.06014968870407278,2
-0.6949389083389038,-0.35609618046656044,-1.2935927575339723,-1.6144715294688554,0
-0.20728875513732392,-0.7105872898526173,-2.8537831454089284,-2.513492590757507,0
0.056536033094740645,-0.030874797006412935,1.9611108917599367,1.435063768967962,2
-0.4995785566523785,-1.1619871545656844,-2.5271955144904226,-1.7048413829626492,0
-0.5999887978950437,-1.6539640929238113,1.1785867424366203,0.6397019898730048,1
0.8159648905196184,-0.9447652246376508,0.7206243015474971,0.19734367841584843,1
-1.737163880845936,-0.63537024663968,0.9553179140628277,0.6408156517477019,2
-3.588071602242528,-1.342215153275149,-0.37848681898606173,0.014159855655634823,2
-0.7580369439952441,-0.563581944700186,-1.089900843835394,-1.8315447244298007,0
-0.4630781735940924,-0.09181973874915239,-1.3620873249560854,-1.498579060867129,0
-0.6275061042920856,-0.9662536522653296,1.5078750732321253,1.592423936727355,2
-1.8897692256130363,-2.3401446840522904,-0.15773888742395092,0.14444844992337602,2
-0.7489438194041105,-0.9606883954582452,-1.5366964601285764,-2.161037669844514,0
-1.199682477305192,-1.2442850878166836,0.9908025723378324,-1.2954098219187895,1
-1.9062169560865954,-1.6932259803122967,-0.10313768158069636,0.9232915570789746,2
-0.18068480591897584,1.225514466121417,3.122980616190158,1.8845719026524494,2
-1.445070028519205,-3.3814158494968014,-0.5365901829571333,-0.6280097236485089,2
-1.2757946507500693,-1.6036625460106009,-0.526289923673406,-2.1400567575685105,0
-0.3075382763470066,-1.0264782996307469,1.3706622925666263,1.0527755169924278,2
-0.9426040473177105,-2.0266067829729604,-0.3584686140391944,0.527248835717376,2
-0.784676959662744,-0.8619491547938812,-1.4880785556447829,-1.7978932549450497,0
-1.2700960886359431,-1.4943322023161274,1.0741436694477824,2.0684495417541626,2
0.9416253384061466,-0.32522525999306895,0.8190418785055009,0.6110204077850054,1
-0.6071980747548207,-1.4630271249679778,0.910647449240347,1.5748775766574084,2
0.8399071693388807,-0.27200638686098433,2.110183312466824,1.5527235994126887,2
-1.2795060103452034,-0.19147054794131824,1.1047918759246904,1.0164594638782758,2
-0.24301214120290593,-1.0259214766596776,1.3137605805980292,0.4675683228616112,1
0.8210806163464306,-0.34411445856204104,0.6732208959966914,-2.1063876880335295,1
-0.6358353548229543,-1.6388751897045113,0.2763674468041203,0.2364717367998822,2
-0.7312292412324033,-1.1571508585035466,-1.707903915172572,-2.2575455052628444,0
-0.18342740932108492,-1.8194546544708952,0.3218263002484586,1.9222442405429554,2
-0.2295900595041359,-0.8915432316562887,-3.0173895175294874,-2.4726010254516058,0
-0.7773162073134556,-0.23240164594368706,0.6319561378640528,-1.2556753338639814,1
-1.6609166945025136,-1.221744107303171,1.0503252099572995,-1.34797931260901,1
0.652765599838623,-0.14894856089627162,2.0059788573190978,1.3897833733387999,2
-1.6813748827176176,0.04276049205232324,1.624437326615285,1.9396143389030764,2
-1.5277115390362215,-0.5001439615589763,0.8044028174682948,-1.5544870699763735,1
-0.5188341102030164,-0.46085089581786876,-1.6963723758786342,-1.8807893741101105,0
-1.3891991036427367,-1.1733441860981955,0.40887735661761226,-1.7372561279033922,0
-1.196408936302882,0.4521882694242507,1.9255953441274398,1.76420150189242,2
-0.778629596802821,-1.2919763593441143,-1.4578745255445122,-2.365929101794192,0
-0.5755679946864201,-1.2543157600926098,-2.0422149869517847,-2.9362530790357058,0
-1.401573806926962,-2.090719456054135,-0.7409362057382582,-1.5004888603930375,0
-0.4146957832022484,-0.2709784880874937,-1.2960363470968874,-2.1511989981085398,0
-2.6879200456056136,-0.7448205489037092,1.7059850831634402,-2.858723604686199,1
-0.0046113271934018485,-1.6088459070804895,0.6266916291727824,-1.075549086766366,1
-0.8673980715621652,-1.9586376939396328,0.7316193725789912,0.8230844032547122,1
-0.9883458037286111,-1.1351664517152005,-0.049207110779258434,-0.6685009977826064,1
-0.7107916965370107,-0.37759880399537216,-0.732133349971017,-2.3530740961267695,0
-1.246386326430528,-1.0330859644266925,-0.3833844392249802,-0.6830592138115146,0
-1.0900324270500703,3.0336273497733517,3.460997515742054,3.3884830129698718,2
-0.6046083545463072,-1.7473878169389008,0.46491128114568825,0.9096892993772436,2
-1.6279802940111643,-0.5707556498745703,1.61133568228251,-2.8768180312443636,1
-0.3462763065154927,-0.34682405904517055,0.5426669127755521,-0.7483039348301912,1
-0.8545297947937154,0.29635710426939377,2.284541108302271,2.0632735012662007,2
-1.908992727224763,-1.405054698310943,1.1650873468896599,-0.23318244277110034,0
-0.8208285480640293,-1.0076191539530306,-1.6000589628976885,-0.9591172016278324,0
-0.7308137632842702,-0.33098986462016244,-1.0478282160116756,-0.3637920659734506,0
-0.42109611786603973,-1.1084417960231565,-2.4909597850920395,-2.3859969372486782,0
-3.314678979610767,-2.51221011891706,4.2296553705139965,0.1479773545600509,0
-1.020186459501289,-0.5909124807083548,-0.3049886712903409,-1.621640398799121,0
-1.128246673678167,-2.7951886776458355,0.15653125042284544,0.4522242191618969,2
-0.5774706659703944,-1.1787433776209657,-2.702075536121562,-1.5374375865173637,0
-2.02618698023673,-1.2686033020294336,1.3929715655543726,-1.3100464853537346,1
-1.1704360951419384,0.6825217441321354,1.7681309098032987,0.9758636220749392,2
-0.3757376405528442,-0.4292525094911348,0.9042274745253542,-0.9269772392766874,1
-1.147237396634806,-1.5328283158238154,1.1510012405773677,0.34330068885018683,1
-1.2230489219455398,-1.9665855831041408,0.03342975816840321,0.42281141308430803,2
-1.2781618071265348,-0.6851288106714013,0.6194090540372146,0.9237694330751431,2
-2.7392769060465163,-1.2697656437912146,0.7529088045616676,-2.101357817467063,1
-0.9198457960821229,-2.435982659736929,0.24829320841027103,0.7557366634792787,2
1.2101380379467614,1.1793344712015683,-4.899603959949565,-2.759467999467401,0
0.3338231466524064,-1.0513419294973052,0.6610297168998354,0.3462884496217171,1
-1.3277478363319974,-0.9901647952385594,-0.17150343546155356,0.6563052140491263,0
-1.6331886945223484,-0.725781652560833,0.8861402011400964,-2.173779787972718,1
0.39493184007236226,-1.0797472504039543,1.5627285120472925,0.8986365760873548,2
-0.6864380353617732,-0.03104985510540048,-0.6381774257395579,-0.49548957216236345,0
-1.651533251543957,0.11805397466909207,1.6012825554537953,2.4181070177143242,2
-0.7798126634124054,-0.058341503237757775,1.8781406971205703,2.2105976310303954,2
-0.2867685170920482,-2.584037423124337,-0.12040067199862614,0.41574646538663074,2
-0.13183640085740012,-0.09812631317148579,0.7837796223726794,-2.3804258875706994,1
-0.18475227284030948,-0.5160536012274588,-2.5550331568327005,-1.4062625313478732,0
0.10117656147326337,-1.2360642461071434,1.2724604333604068,-1.447188669746068,1
1.0811205734283371,-0.5568245817731503,0.8436318282944381,0.887543414936262,1
-2.3859668415570576,-1.7804850391334037,1.115404217620031,-1.81477269755382,1
-0.7127700978956985,-1.2904551387249836,0.9538699351708392,-0.4385284363258116,1
-0.8690630327665549,-1.0065940778136704,0.9754884246416075,0.5419523074301362,2
-1.9558394646715918,-2.0630439489089696,0.43958851884544425,-0.9387225527503394,0
-0.01521135073713642,-1.650193458810369,0.7950904245676749,0.9245461425097494,1
-0.25909792580054447,-0.0663400696784926,0.6540802863687798,-1.3448345313502412,1
-2.0207658838703058,-1.0641951456703276,0.8629537472676244,-0.33917480468816796,1
-0.5110527088159884,-0.5640913629722352,-2.31821248700259,-0.3311847949965204,0
-0.5828988730975305,-1.047042881669513,-2.314731160381715,-0.8907424927719857,0
-1.9627985453574128,-1.1770472444966842,0.4623866639725771,-1.629911063800657,1
-1.5010817958272806,-1.7699538512502309,-0.14828598594213915,-1.3528536073247002,0
-2.1996296291981206,0.020041589945638982,1.2881735907009422,1.6203062462661713,2
0.16756885773945296,-1.112395524341817,-4.5504681686388055,-2.41976508376392,0
-2.011653002076204,-1.1141135159156257,1.5263977457956202,-2.7242427517432066,1
-1.0138416876410494,-0.928990938531959,-1.0603280982171424,-0.6976408073839847,0
-1.3451673440444671,-1.7253255548561026,-0.3855293596758558,0.49887529422979493,2
-1.3879870092883182,-1.4094281806856448,-0.7047559139547883,0.7089444857198193,0
-0.4906635619062738,0.12226934480032137,-1.355893315201107,-0.5427904329252801,0
-1.847092618751208,-1.051979081603747,1.1294696761473144,0.06060846340974746,0
-0.9000347383812537,-0.22900784181669953,-0.577401302899736,-0.3789515318239417,0
-0.09540491368807158,-0.5732924626544608,1.2172206140553927,-0.7723748955954313,1
-0.25644289509994156,-0.03790953030970046,-1.9774444363289672,-1.0459929813931743,2
0.11179894746193741,0.5941603465614689,-3.084567423353038,0.6546556219832742,0
-1.1414899042461346,-1.2055298936313934,-1.1032603726310866,-1.025347814977891,0
-0.3649150968793923,-0.8489808615300758,1.073383286178125,-0.4318187305637686,1
0.9262150262252407,0.2861170180891379,0.7374874400842899,-0.47626682172170287,1
0.12893956681393193,-0.5953273308144393,-3.88656896328792,-1.9925516476031224,0
-1.5841650852357234,-0.12795568799096668,1.9791519314914097,2.0613571460711038,2
0.10149905497562584,-2.5138125174442036,0.5644980204948926,0.8858203449281873,2
0.7353074668998394,-0.6297785757464691,0.8518261660398161,-0.6028704402195071,1
-2.2817537228778155,-3.379617548807442,-0.9817654418424502,-0.6670354642569487,2
-1.251537101761006,-1.7273745940394742,0.6393476369783759,0.6978924066628093,2
-1.5458651197007378,0.7304496031990966,1.1284879853412604,1.2831715275180613,2
-0.3837539207676175,-0.8641095427884562,1.247415971063964,-0.09513238511718924,1
-1.5767944605900248,-2.3550562128558137,-0.5491469744066375,-0.7446431784237553,0
0.28429814734022707,-1.0556176550338165,1.2705319990070842,0.48260515773250223,2
-0.06522532277090465,-0.3473409755749841,0.7976809780260038,-1.544119197600749,1
-0.21626549492209524,-0.1502213717881441,1.8169228461186688,1.3155652153569382,2
-2.1745272744151745,-2.4754266527817452,0.7287834100590016,-1.1283232567783246,0
-1.4635158140157265,-0.519248989894441,1.5355138960696313,-1.206950043411935,1
-2.070078043141311,-1.4585845949962923,1.838987132271221,-0.25954234209885607,0
-0.6563415363249723,-2.5980755402133147,-0.16100906233554602,0.5759941073849921,2
-1.207370205502655,-0.1726141380531926,1.4166850374063533,1.2034487157375253,2
-3.2665996635939956,-1.1723670288916783,2.095318129242903,-1.6675107550897046,1
-1.7044082408221124,-0.8933263306204913,0.6132275569771776,0.5286124280328766,2
0.12145568974843135,-3.5608239089837532,-0.2279492328029733,0.472870465785058,2
-2.744868345466923,-1.5377197392999098,1.45067425785889,-1.787688051069198,1
-2.0025787389443437,-3.007172248312853,-0.7053399449854669,-0.4537134379296759,2
0.8834582741401458,-0.1328492746339761,0.4620868965771845,-0.24500415141991372,1
-0.8663809181440545,-0.4263841734512007,-1.0802129615172285,-1.5064274665525366,0
-0.18197846236589155,0.665196512096742,2.1610737498361368,2.0670712447774475,2
-1.3768286981038014,-0.9951137450564522,1.5521871412438366,-0.5479311675194307,1
-1.9407292637381937,0.7323484313507163,1.4216908672409585,1.8258152019811726,2
-0.7225410853276328,-0.849062609641981,-2.0736012910630928,-0.6282698815220843,0
-1.0249378546064685,-1.1241673430948078,-1.0591475578313458,-1.9097148524978875,0
-0.30520891211552104,-0.5243424292357969,1.4838062651823591,1.8959064460475141,2
-0.742920292583718,1.0063643881176514,2.5943708349786583,2.443849554409067,2
-2.21023858328403,-0.26203359024356765,0.6935644957768001,0.43557435429217883,2
-1.270301624401587,-1.6919778942465218,-1.4395822668277187,-0.24516672057351074,0
-2.1626417411001295,-0.17932528402744385,0.7929763934959962,1.0132579781728381,2
-2.8898686187528035,-2.948937227202976,2.148949554573394,0.26822515994326523,0
0.5075326806527649,-0.00551406340877858,2.306901829074591,1.4720005594054288,2
-0.13341767961286355,-0.35439928121731235,-2.700750554413272,-2.111046295806135,0
-0.9108630926445194,1.7278633870953115,2.819459132211721,3.0099321521627562,2
-1.8176598971777063,-1.249488729434391,0.5799237251574801,0.5260676151615534,2
-1.3465262188312204,-1.291801396707107,0.6828682004199358,1.179122492898931,2
0.19349381041292357,2.4638655859762824,3.177030296463699,1.8461385195286275,2
-1.759304327886408,-1.0499866795741541,1.0693640713685824,0.7628886062416187,0
-1.3450213959908515,-1.1052936184254085,-0.06575901812819873,0.36265065570583754,0
0.5727604283201178,0.347343318492882,0.9224080708079104,-0.802791979920665,1
-0.4720563946209676,-0.7866437292451977,1.6171467597321634,0.14523215451032634,2
-1.654060479596736,-0.5842054407478392,1.448081260822263,-0.7422385437724253,0
-1.951067492674813,-1.1597999241484007,1.475470807176285,-0.8892078017439151,1
-1.6825575563337556,-1.108563545532918,0.4254072721948261,0.9689812516722647,0
-0.8494286065045671,-0.5006998550289032,0.8993625421750276,-1.4639030035575575,1
-0.6208112164813706,-0.9111260440056523,1.1447211062965228,-0.43518919185299443,1
-0.8481161414780847,-1.2155618360118905,-1.8273057829358357,-1.6500992404191965,0
-0.7381073787572736,-0.9884113834916282,-1.7467692275956255,-0.8722513313862036,0
-2.0823573160465805,-2.3230288435830015,1.3504680630889891,0.40093555454317764,1
-0.214576492762807,-0.8339039789061421,1.7143501439189976,1.7344149455741293,2
-1.8000236782363181,-0.39527319547730744,1.1883751042333541,1.0032502202394433,2
-2.332565571949809,-1.5537985229118154,1.190831374313689,-2.6909083907318694,1
-1.547801604281804,-1.3902708188599977,1.1255260703823653,-0.08803594118659663,1
-1.592498158205374,-0.1485070665114916,1.4093792065436208,1.3217752485466125,2
-1.5552810872529046,-1.695409298034873,0.28277079882192024,0.41594362112835237,2
-1.2431770211434918,-0.5471329849700481,0.32834170457281453,-0.3994925700029224,0
-0.5952185071496083,-0.7331339608726415,-1.7029115925271716,-2.4380608718795753,0
-4.18711835783502,-1.1923042685802532,1.5990796839248576,-3.2547384187999633,1
0.6536182406315925,-1.0109678870289993,1.0247167477359356,0.7094028291294177,1
-1.6538025735623294,-1.9669795669273182,-0.6485076309837836,1.269828501824004,0
-2.3137241340380923,-3.335338092569629,-0.8645585196977079,-0.9589948350075528,2
-0.07318621067909159,-0.37951020637425514,-2.849818407875195,-1.477416096632794,0
-0.7073070528595127,-1.1738681638877573,0.8933924731264127,0.06935801552009768,1
-1.8032525172021345,-1.9990245059671046,0.04795584435341249,0.035877408793389964,0
0.2125072790930913,0.13541812222252547,-3.295347978294173,-1.93118125718772,0
0.7403340785808814,-1.1965644319302413,0.23736979812411774,0.27209537762997105,1
-0.18759414579228295,2.0649755379677632,3.1289505770479065,2.8728655319428356,2
0.013861589398908247,-1.4754331706706372,1.2354223425181359,0.45226935349509567,1
-1.5075806148041098,-0.6973281247009382,0.899456648581142,1.3514123513610061,2
-1.240812734075629,-0.9145353617863492,0.21970764633721984,-1.523651347944151,0
-2.033572451535856,-3.3473670934446313,-1.3575889601656312,-0.44926893440932614,2
1.487263240266362,0.46500692622508066,0.6410302811384856,-0.8074944893549127,1
-0.10151197574971738,-1.4705944556666832,0.16105080651963988,0.08663896360429879,1
-2.0960670616362336,-1.1904799862472568,1.9200578024241102,0.280758517394073,0
-2.298331696003906,-1.5773226583674562,1.1700552071928385,-1.3733124612966205,1
-0.5199539782283498,-0.8936224550601352,0.6807396384105766,-0.8608232343033995,1
-4.503516596778219,-1.3448615897450247,1.7681733687078725,-2.808109304364426,1
-2.434567653519286,-1.3668382492400593,1.021402140664194,-3.017403998077727,1
-2.785081320201667,-0.05607978385680845,0.9445458255704302,1.7492373313553813,2
-1.551633317258031,-1.0842276365938743,0.24721390962679646,0.4901171478086499,0
-1.1791306237858215,-0.6102037184851522,-0.1387417291051526,-0.8896667847832965,0
-1.6912462584577512,-1.7728970247420741,-0.14565912960752947,-0.8053901779874982,0
-0.32734041043712025,-0.647300014171738,-2.6640628680453666,-0.71148617947531,0
0.32335099962060787,0.140503276791617,1.7708841268325077,0.8548751989915545,2
-0.6095028476674178,-1.1075349844521698,0.5250107162248139,0.11854785916997268,1
1.1763241670791942,-0.7247375886251046,0.24911369997975708,0.7164790840478479,1
-2.0504327080952964,0.008725872173582783,0.8186458793160571,0.9622814795166176,2
-1.1827000132643706,-0.9690472501856845,-0.9422518678899411,0.6179187165100817,0
-0.037593074448251884,-0.40975165518995305,-2.9601427715275648,-1.9100980978896884,0
0.38333569268621726,0.0758900061821639,0.8202440950655226,-0.9004254147200217,1
-0.18089383741346576,0.14917563514207832,-2.29676692506348,-1.1037479960278604,0
-1.117096075447634,-1.101700878612501,-0.6382399885350967,-0.2354312482337131,0
-2.3234101847837554,-0.7157056553155884,3.280410577855651,0.5012862713364286,0
-1.056399243846737,-1.3747688734347454,0.7504375231902898,0.8605876823964552,2
-0.9339638910966439,-0.22923497195389686,-0.18413147203391456,-1.2895501917277667,0
-0.049617651354511905,-2.8397797900963866,-0.13322820219242892,-0.013704698612531319,2
-0.741696750492319,0.05001538240918113,-0.32421076916877933,-1.206136362657287,0
-0.9128817353165795,-0.10543973854909405,0.14412602209358005,-1.7758543708655168,0
-0.9132320205972283,-1.5651817364665617,0.4950095901972288,0.6217616173238685,1
-3.690040420124179,0.31283282860668526,0.5045971335610834,1.6367893676262915,2
-0.20080449325707728,0.04332510233689302,-1.8279886205450016,-1.9521512806657828,0
-1.851596689516772,-0.6291129687496094,0.6783254809406907,0.6839991750938772,2
-1.0213006119441839,-3.19341204629958,0.04141236113580404,0.14077430592996754,2
-0.28289424111060657,-0.6790035487510508,1.4928271220943474,0.37331568688549066,2
-2.7844979967170316,-2.5872499978887307,1.1314945682259574,-1.070053568015008,1
-3.0959354041047944,-2.2833181447397255,-0.5312396214953925,0.5270771733207371,2
0.2864648424403633,0.4181090521564821,2.3469192902507943,2.61611476004324,2
0.06876941530195668,-1.0127545787190062,0.0811562903810259,0.6026601575088155,1
-0.5384639261975864,-0.9043703408187206,0.58633117588617,-0.07340668805866057,1
-1.58164783490914,0.6116167129958612,1.9740556530506725,2.028613851334492,2
-4.178345076992487,-1.9539451023408807,-0.7522778841246369,-0.8640614052770588,2
-0.04176613970856535,-0.3185971514121687,-2.9472500384018123,-2.7178520104467196,0
-0.043700883755034114,-0.6982298902582484,1.5633544344045234,1.6255178284717573,2
-2.949989499981527,-1.3698723429114734,1.3628986749302698,-2.5806962522368093,1
-2.418441980955201,-1.9477570809967502,1.1906830626738345,0.11778081585177236,1
-0.727151123102588,0.2515627323617813,-0.32218375845538283,-0.5007805356358974,0
-0.7871411966124984,-1.1289599158793837,-1.6294299556580851,-1.5776644476478028,0
-1.8347018813511164,-1.8854344249402235,0.6203314242268188,-0.9542592384798894,0
-1.0803039957740805,-0.46160000328921846,1.3529918997799355,-0.3845743434083446,1
-2.823109655418628,-1.6953600226995404,1.6614877620963804,-0.06494143414748732,1
-1.4323456416890048,-0.923882843720289,0.47028151155081854,-0.1479272580226647,0
-2.9032394412336986,-3.367776996437444,-1.2025863056098762,-1.1844943984920748,2
-0.768799148609121,-0.26130492796591787,0.7623838779521057,-2.047391633189287,1
0.3837399935792307,1.1855748515565816,2.2223114665626698,1.3275282800941755,2
-0.004067064319891789,-0.5626191989742793,1.7150721652630767,0.9511220230623072,2
-0.15060597873533,1.5407030955439374,2.969191203901076,1.9913136093204011,2
0.6158814914415254,-1.838418550096705,0.45434462018040955,1.8786492300053679,1
-0.3127755385692973,-0.45809080839951677,-2.553213136470322,-0.7781646434318181,0
-0.6098829881514263,-1.8019722953358803,0.5483173127566924,-0.23313544053063784,2
